datetime,2,3,4,5,6,8,9,B,E,main contact,
2018-04-16 13:28:17.0,,,,,,,,-64,,11
2018-04-16 13:28:18.0,,,,,,,,-64,,11
2018-04-16 13:28:19.0,,,,,,,,-64,,11
2018-04-16 13:28:20.0,,,,,,,,-64,,11
2018-04-16 13:28:21.0,,,,,,,,-62,,11
2018-04-16 13:28:22.0,,,,,,,,-62,,11
2018-04-16 13:28:23.0,,,,,,,,-62,,11
2018-04-16 13:28:24.0,,,,,,,,-62,,11
2018-04-16 13:28:25.0,,,,,,,,-62,,11
2018-04-16 13:28:26.0,,,,,,,,-62,,11
2018-04-16 13:28:27.0,,,,,,,,-62,,11
2018-04-16 13:28:28.0,,,,,,,,-62,,11
2018-04-16 13:28:29.0,,,,,,,,-62,,11
2018-04-16 13:28:30.0,,,,,,,,-62,,11
2018-04-16 13:28:31.0,,,,,,,,-62,,11
2018-04-16 13:28:32.0,,,,,,,,-62,,11
2018-04-16 13:28:33.0,,,,,,,,-62,,11
2018-04-16 13:28:34.0,,,,,,,,-62,,11
2018-04-16 13:28:35.0,,,,,,,,-62,,11
2018-04-16 13:28:36.0,,,,,,,,-62,,11
2018-04-16 13:28:37.0,,,,,,,,-62,,11
2018-04-16 13:28:38.0,,,,,-31,,,-61,,6
2018-04-16 13:28:39.0,,,,,-27,,,-61,,6
2018-04-16 13:28:40.0,,,,,-27,,,-61,,6
2018-04-16 13:28:41.0,,,,,-27,,,-61,,6
2018-04-16 13:28:42.0,,,,,-25,,,-61,,6
2018-04-16 13:28:43.0,,,,,-26,,,-61,,6
2018-04-16 13:28:44.0,,,,,-26,,,-61,,6
2018-04-16 13:28:45.0,,,,,-25,,,-61,,6
2018-04-16 13:28:46.0,,,,,-27,,,-61,,6
2018-04-16 13:28:47.0,,,,,-26,,-55,-61,,6
2018-04-16 13:28:48.0,,,,,-26,,-58,-61,,6
2018-04-16 13:28:49.0,,,,,-27,,-58,-61,,6
2018-04-16 13:28:50.0,,,,,-27,,-59,-61,,6
2018-04-16 13:28:51.0,,,,,-27,,-58,-61,,6
2018-04-16 13:28:52.0,,,,,-27,,-60,-61,,6
2018-04-16 13:28:53.0,,,,,-27,,-61,-61,,6
2018-04-16 13:28:54.0,,,,,-26,,-61,-61,,6
2018-04-16 13:28:55.0,,,,,-26,,-61,-61,,6
2018-04-16 13:28:56.0,,,,,-26,,-61,-61,,6
2018-04-16 13:28:57.0,,,,,-26,,-61,-61,,6
2018-04-16 13:28:58.0,,,,,-26,,-61,-61,,6
2018-04-16 13:28:59.0,,,,,-26,,-61,-61,,6
2018-04-16 13:29:00.0,,,,,-26,,-60,-61,,6
2018-04-16 13:29:01.0,,,,,-26,,-61,-61,,6
2018-04-16 13:29:02.0,,,,,-27,,-60,-61,,6
2018-04-16 13:29:03.0,,,,,-27,,-60,-61,,6
2018-04-16 13:29:04.0,,,,,-27,,-60,-61,,6
2018-04-16 13:29:05.0,,,,,-27,,-60,-61,,6
2018-04-16 13:29:06.0,,,,,-27,,-60,-61,,6
2018-04-16 13:29:07.0,,,,,-27,,-60,-61,,6
2018-04-16 13:29:08.0,,-41,,,-27,,-62,-61,,6
2018-04-16 13:29:09.0,,-42,,,-27,,-62,-61,,6
2018-04-16 13:29:10.0,,-42,,,-27,,-62,-61,,6
2018-04-16 13:29:11.0,,-43,,,-27,,-62,-61,,6
2018-04-16 13:29:12.0,,-50,,,-27,,-61,-61,,6
2018-04-16 13:29:13.0,,-56,,,-26,,-60,-61,,6
2018-04-16 13:29:14.0,,-59,,,-26,,-61,-61,,6
2018-04-16 13:29:15.0,,-61,,,-26,,-61,-61,,6
2018-04-16 13:29:16.0,,-55,-67,,-26,,-61,-61,,6
2018-04-16 13:29:17.0,,-54,-64,,-26,,-62,-61,,6
2018-04-16 13:29:18.0,,-55,-63,,-26,,-61,-61,,6
2018-04-16 13:29:19.0,,-57,-62,,-26,-62,-61,-61,,6
2018-04-16 13:29:20.0,,-57,-62,,-26,-62,-62,-61,,6
2018-04-16 13:29:21.0,,-54,-58,,-26,-62,-60,-61,,6
2018-04-16 13:29:22.0,,-53,-60,,-26,-62,-62,-63,,6
2018-04-16 13:29:23.0,,-51,-58,,-25,-62,-60,-63,,6
2018-04-16 13:29:24.0,,-50,-58,,-25,-62,-61,-63,,6
2018-04-16 13:29:25.0,,-50,-61,,-25,-62,-61,-63,,6
2018-04-16 13:29:26.0,,-50,-62,,-25,-63,-63,-63,,6
2018-04-16 13:29:27.0,,-51,-62,,-26,-63,-61,-62,-63,6
2018-04-16 13:29:28.0,-68,-49,-62,,-26,-64,-61,-62,-63,6
2018-04-16 13:29:29.0,-68,-48,-62,,-26,-64,-61,-62,-65,6
2018-04-16 13:29:30.0,-63,-48,-62,,-26,-64,-60,-62,-65,6
2018-04-16 13:29:31.0,-63,-48,-62,,-26,-64,-61,-62,-65,6
2018-04-16 13:29:32.0,-63,-49,-62,,-26,-65,-61,-62,-65,6
2018-04-16 13:29:33.0,-63,-49,-63,,-27,-65,-62,-64,-65,6
2018-04-16 13:29:34.0,-62,-54,-62,,-26,-65,-62,-64,-65,6
2018-04-16 13:29:35.0,-62,-54,-59,,-26,-65,-62,-64,-65,6
2018-04-16 13:29:36.0,-61,-57,-61,,-26,-66,-63,-64,-65,6
2018-04-16 13:29:37.0,-62,-57,-65,,-25,-65,-62,-64,-65,6
2018-04-16 13:29:38.0,-62,-58,-63,-64,-26,-65,-62,-64,-65,6
2018-04-16 13:29:39.0,-62,-56,-62,-62,-26,-64,-61,-64,-65,6
2018-04-16 13:29:40.0,-60,-56,-62,-64,-26,-64,-61,-64,-65,6
2018-04-16 13:29:41.0,-60,-56,-61,-63,-26,-64,-61,-64,-65,6
2018-04-16 13:29:42.0,-62,-55,-61,-63,-26,-64,-61,-64,-65,6
2018-04-16 13:29:43.0,-62,-54,-61,-60,-26,-64,-61,-65,-66,6
2018-04-16 13:29:44.0,-61,-56,-61,-60,-26,-64,-61,-65,-66,6
2018-04-16 13:29:45.0,-61,-58,-61,-61,-26,-64,-61,-65,-66,6
2018-04-16 13:29:46.0,-62,-58,-60,-62,-26,-65,-61,-65,-66,6
2018-04-16 13:29:47.0,-63,-59,-60,-64,-26,-64,-60,-65,-66,6
2018-04-16 13:29:48.0,-63,-59,-62,-63,-26,-65,-61,-65,-66,6
2018-04-16 13:29:49.0,-64,-59,-62,-64,-26,-64,-61,-64,-66,6
2018-04-16 13:29:50.0,-65,-58,-62,-62,-26,-65,-60,-64,-66,6
2018-04-16 13:29:51.0,-64,-61,-60,-63,-26,-65,-61,-64,-66,6
2018-04-16 13:29:52.0,-62,-60,-60,-61,-26,-64,-59,-64,-66,6
2018-04-16 13:29:53.0,-61,-60,-59,-62,-26,-63,-59,-64,-65,6
2018-04-16 13:29:54.0,-61,-56,-64,-62,-27,-63,-60,-64,-65,6
2018-04-16 13:29:55.0,-61,-54,-62,-59,-26,-63,-61,-64,-64,6
2018-04-16 13:29:56.0,-59,-51,-61,-61,-27,-63,-60,-64,-64,6
2018-04-16 13:29:57.0,-60,-49,-62,-61,-27,-65,-62,-64,-64,6
2018-04-16 13:29:58.0,-60,-52,-62,-62,-26,-65,-60,-64,-64,6
2018-04-16 13:29:59.0,-62,-52,-62,-64,-27,-65,-59,-64,-64,6
2018-04-16 13:30:00.0,-63,-54,-62,-64,-26,-65,-58,-64,-64,6
2018-04-16 13:30:01.0,-63,-54,-62,-64,-26,-65,-58,-64,-64,6
2018-04-16 13:30:02.0,-62,-55,-63,-64,-26,-65,-59,-64,-64,6
2018-04-16 13:30:03.0,-62,-55,-63,-63,-26,-65,-61,-64,-64,6
2018-04-16 13:30:04.0,-62,-52,-60,-63,-26,-65,-61,-64,-64,6
2018-04-16 13:30:05.0,-61,-52,-55,-63,-26,-65,-60,-65,-64,6
2018-04-16 13:30:06.0,-61,-54,-56,-64,-26,-65,-60,-65,-64,6
2018-04-16 13:30:07.0,-61,-54,-56,-63,-26,-66,-59,-65,-64,6
2018-04-16 13:30:08.0,-60,-51,-57,-62,-27,-65,-58,-65,-64,6
2018-04-16 13:30:09.0,-60,-53,-58,-62,-26,-64,-59,-65,-64,6
2018-04-16 13:30:10.0,-60,-51,-59,-64,-26,-64,-61,-65,-64,6
2018-04-16 13:30:11.0,-61,-52,-61,-63,-26,-64,-60,-65,-64,6
2018-04-16 13:30:12.0,-62,-52,-58,-63,-26,-65,-61,-65,-64,6
2018-04-16 13:30:13.0,-60,-53,-59,-63,-26,-64,-61,-65,-64,6
2018-04-16 13:30:14.0,-60,-55,-59,-63,-26,-65,-61,-65,-64,6
2018-04-16 13:30:15.0,-60,-55,-61,-65,-26,-65,-61,-65,-64,6
2018-04-16 13:30:16.0,-60,-55,-60,-63,-26,-66,-61,-63,-64,6
2018-04-16 13:30:17.0,-62,-57,-62,-64,-26,-65,-61,-63,-64,6
2018-04-16 13:30:18.0,-61,-60,-62,-61,-26,-65,-60,-63,-64,6
2018-04-16 13:30:19.0,-61,-62,-60,-61,-26,-65,-60,-63,-64,6
2018-04-16 13:30:20.0,-60,-63,-61,-61,-26,-65,-60,-63,-64,6
2018-04-16 13:30:21.0,-58,-63,-61,-61,-26,-66,-61,-63,-64,6
2018-04-16 13:30:22.0,-60,-63,-60,-62,-26,-65,-61,-63,-64,6
2018-04-16 13:30:23.0,-59,-62,-62,-63,-26,-65,-61,-63,-64,6
2018-04-16 13:30:24.0,-60,-62,-61,-62,-25,-66,-64,-63,-64,6
2018-04-16 13:30:25.0,-60,-62,-62,-62,-26,-65,-64,-63,-64,6
2018-04-16 13:30:26.0,-62,-60,-63,-62,-26,-65,-63,-63,-64,6
2018-04-16 13:30:27.0,-63,-60,-61,-62,-26,-65,-63,-63,-64,6
2018-04-16 13:30:28.0,-61,-60,-61,-62,-26,-66,-61,-63,-64,6
2018-04-16 13:30:29.0,-61,-60,-61,-62,-26,-65,-60,-63,-64,6
2018-04-16 13:30:30.0,-60,-59,-63,-64,-26,-65,-60,-63,-64,6
2018-04-16 13:30:31.0,-59,-61,-62,-63,-26,-65,-59,-63,-64,6
2018-04-16 13:30:32.0,-60,-63,-62,-64,-26,-65,-59,-64,-64,6
2018-04-16 13:30:33.0,-60,-64,-62,-64,-26,-65,-60,-64,-64,6
2018-04-16 13:30:34.0,-61,-64,-64,-63,-26,-65,-60,-64,-64,6
2018-04-16 13:30:35.0,-61,-64,-64,-63,-26,-65,-60,-64,-64,6
2018-04-16 13:30:36.0,-61,-64,-64,-63,-26,-65,-60,-64,-64,6
2018-04-16 13:30:37.0,-61,-64,-64,-63,-26,-65,-60,-64,-64,6
2018-04-16 13:30:38.0,-61,-64,-64,-63,-26,-65,-60,-64,-64,6
2018-04-16 13:30:39.0,-61,-63,-62,-65,-26,-66,-60,-64,-64,6
2018-04-16 13:30:40.0,-62,-63,-62,-62,-26,-66,-61,-64,-64,6
2018-04-16 13:30:41.0,-61,-63,-62,-61,-26,-66,-60,-64,-64,6
2018-04-16 13:30:42.0,-62,-62,-60,-61,-26,-66,-61,-64,-64,6
2018-04-16 13:30:43.0,-63,-61,-62,-61,-26,-65,-61,-64,-64,6
2018-04-16 13:30:44.0,-60,-63,-62,-60,-26,-65,-60,-64,-64,6
2018-04-16 13:30:45.0,-60,-62,-62,-62,-26,-64,-58,-64,-64,6
2018-04-16 13:30:46.0,-62,-62,-61,-62,-26,-65,-58,-64,-64,6
2018-04-16 13:30:47.0,-62,-62,-61,-63,-25,-65,-58,-64,-64,6
2018-04-16 13:30:48.0,-61,-61,-61,-62,-26,-65,-57,-64,-64,6
2018-04-16 13:30:49.0,-62,-61,-61,-62,-25,-65,-57,-64,-64,6
2018-04-16 13:30:50.0,-60,-61,-61,-63,-25,-65,-58,-64,-64,6
2018-04-16 13:30:51.0,-60,-61,-59,-64,-26,-65,-58,-64,-64,6
2018-04-16 13:30:52.0,-60,-61,-60,-64,-26,-65,-59,-64,-64,6
2018-04-16 13:30:53.0,-62,-62,-60,-66,-26,-65,-60,-64,-64,6
2018-04-16 13:30:54.0,-61,-63,-59,-65,-26,-65,-60,-64,-64,6
2018-04-16 13:30:55.0,-63,-61,-58,-65,-26,-65,-62,-64,-64,6
2018-04-16 13:30:56.0,-61,-62,-59,-65,-26,-65,-62,-64,-64,6
2018-04-16 13:30:57.0,-62,-61,-59,-65,-27,-66,-61,-64,-64,6
2018-04-16 13:30:58.0,-64,-61,-61,-66,-27,-66,-62,-64,-64,6
2018-04-16 13:30:59.0,-65,-63,-64,-65,-26,-66,-62,-64,-64,6
2018-04-16 13:31:00.0,-65,-61,-65,-66,-26,-66,-59,-64,-64,6
2018-04-16 13:31:01.0,-66,-61,-61,-66,-26,-66,-60,-64,-64,6
2018-04-16 13:31:02.0,-65,-61,-61,-66,-26,-65,-58,-64,-64,6
2018-04-16 13:31:03.0,-63,-61,-61,-66,-26,-65,-58,-64,-64,6
2018-04-16 13:31:04.0,-63,-61,-61,-66,-26,-64,-60,-64,-64,6
2018-04-16 13:31:05.0,-63,-61,-58,-66,-26,-64,-62,-63,-64,6
2018-04-16 13:31:06.0,-61,-61,-59,-66,-26,-64,-63,-63,-64,6
2018-04-16 13:31:07.0,-61,-61,-59,-66,-26,-64,-63,-63,-64,6
2018-04-16 13:31:08.0,-61,-60,-59,-66,-26,-64,-62,-63,-64,6
2018-04-16 13:31:09.0,-60,-60,-57,-64,-26,-63,-61,-63,-64,6
2018-04-16 13:31:10.0,-61,-60,-56,-62,-26,-63,-59,-64,-64,6
2018-04-16 13:31:11.0,-61,-61,-55,-61,-26,-64,-60,-64,-64,6
2018-04-16 13:31:12.0,-61,-60,-57,-62,-26,-63,-60,-64,-64,6
2018-04-16 13:31:13.0,-63,-59,-61,-61,-25,-64,-60,-64,-64,6
2018-04-16 13:31:14.0,-62,-52,-62,-62,-26,-64,-60,-64,-64,6
2018-04-16 13:31:15.0,-61,-52,-63,-64,-26,-63,-60,-64,-64,6
2018-04-16 13:31:16.0,-61,-54,-64,-62,-26,-65,-62,-65,-64,6
2018-04-16 13:31:17.0,-60,-54,-64,-62,-26,-65,-62,-65,-64,6
2018-04-16 13:31:18.0,-59,-62,-64,-61,-26,-65,-61,-65,-64,6
2018-04-16 13:31:19.0,-61,-60,-62,-59,-26,-66,-62,-65,-64,6
2018-04-16 13:31:20.0,-62,-58,-63,-59,-26,-67,-63,-65,-64,6
2018-04-16 13:31:21.0,-61,-53,-62,-58,-26,-66,-61,-65,-64,6
2018-04-16 13:31:22.0,-64,-49,-61,-57,-25,-66,-62,-65,-64,6
2018-04-16 13:31:23.0,-62,-48,-62,-58,-26,-66,-61,-65,-64,6
2018-04-16 13:31:24.0,-62,-48,-60,-60,-26,-66,-63,-65,-64,6
2018-04-16 13:31:25.0,-61,-48,-60,-61,-26,-65,-64,-65,-64,6
2018-04-16 13:31:26.0,-61,-47,-60,-62,-26,-65,-65,-65,-64,6
2018-04-16 13:31:27.0,-60,-46,-60,-61,-26,-65,-64,-65,-64,6
2018-04-16 13:31:28.0,-61,-46,-64,-61,-26,-65,-62,-65,-64,6
2018-04-16 13:31:29.0,-61,-51,-64,-61,-26,-65,-62,-65,-64,6
2018-04-16 13:31:30.0,-61,-55,-64,-62,-26,-64,-60,-65,-64,6
2018-04-16 13:31:31.0,-61,-61,-65,-63,-27,-64,-62,-65,-64,6
2018-04-16 13:31:32.0,-62,-61,-63,-62,-26,-63,-62,-65,-64,6
2018-04-16 13:31:33.0,-61,-57,-64,-61,-26,-63,-60,-65,-64,6
2018-04-16 13:31:34.0,-62,-59,-64,-60,-26,-62,-60,-65,-64,6
2018-04-16 13:31:35.0,-62,-57,-64,-61,-26,-62,-59,-65,-64,6
2018-04-16 13:31:36.0,-60,-58,-65,-61,-26,-63,-58,-65,-64,6
2018-04-16 13:31:37.0,-62,-59,-66,-61,-26,-63,-61,-65,-64,6
2018-04-16 13:31:38.0,-62,-58,-65,-63,-26,-63,-60,-66,-64,6
2018-04-16 13:31:39.0,-62,-58,-64,-64,-26,-63,-57,-66,-64,6
2018-04-16 13:31:40.0,-61,-63,-63,-64,-26,-63,-57,-66,-64,6
2018-04-16 13:31:41.0,-61,-63,-62,-65,-25,-63,-57,-66,-64,6
2018-04-16 13:31:42.0,-60,-65,-64,-63,-26,-65,-57,-66,-64,6
2018-04-16 13:31:43.0,-60,-65,-64,-63,-26,-66,-57,-66,-64,6
2018-04-16 13:31:44.0,-62,-63,-65,-63,-26,-65,-58,-66,-64,6
2018-04-16 13:31:45.0,-61,-57,-64,-63,-26,-65,-61,-66,-64,6
2018-04-16 13:31:46.0,-61,-55,-64,-63,-26,-64,-61,-66,-64,6
2018-04-16 13:31:47.0,-62,-50,-62,-63,-26,-64,-61,-66,-64,6
2018-04-16 13:31:48.0,-63,-51,-62,-63,-26,-63,-61,-66,-64,6
2018-04-16 13:31:49.0,-63,-53,-62,-66,-27,-62,-61,-66,-63,6
2018-04-16 13:31:50.0,-63,-56,-61,-66,-26,-62,-61,-66,-63,6
2018-04-16 13:31:51.0,-62,-57,-61,-67,-27,-62,-60,-66,-63,6
2018-04-16 13:31:52.0,-64,-57,-61,-65,-26,-62,-61,-66,-63,6
2018-04-16 13:31:53.0,-64,-57,-61,-65,-26,-62,-63,-66,-62,6
2018-04-16 13:31:54.0,-64,-57,-62,-63,-26,-62,-62,-66,-62,6
2018-04-16 13:31:55.0,-64,-57,-62,-63,-26,-62,-62,-66,-62,6
2018-04-16 13:31:56.0,-64,-56,-61,-62,-26,-62,-63,-66,-62,6
2018-04-16 13:31:57.0,-64,-58,-61,-61,-26,-63,-60,-66,-62,6
2018-04-16 13:31:58.0,-64,-61,-60,-60,-26,-63,-58,-66,-62,6
2018-04-16 13:31:59.0,-62,-61,-59,-60,-26,-64,-59,-66,-62,6
2018-04-16 13:32:00.0,-61,-61,-58,-60,-26,-64,-58,-66,-62,6
2018-04-16 13:32:01.0,-61,-61,-56,-61,-25,-66,-59,-66,-62,6
2018-04-16 13:32:02.0,-62,-60,-56,-61,-25,-67,-59,-66,-62,6
2018-04-16 13:32:03.0,-61,-60,-57,-63,-26,-66,-59,-66,-62,6
2018-04-16 13:32:04.0,-62,-59,-56,-65,-26,-67,-59,-66,-62,6
2018-04-16 13:32:05.0,-62,-60,-55,-65,-26,-66,-58,-66,-63,6
2018-04-16 13:32:06.0,-60,-59,-54,-67,-26,-66,-58,-66,-63,6
2018-04-16 13:32:07.0,-60,-56,-52,-68,-25,-66,-58,-66,-63,6
2018-04-16 13:32:08.0,-60,-56,-54,-68,-26,-66,-61,-66,-63,6
2018-04-16 13:32:09.0,-60,-55,-55,-68,-26,-66,-59,-66,-62,6
2018-04-16 13:32:10.0,-61,-58,-55,-68,-26,-66,-61,-66,-62,6
2018-04-16 13:32:11.0,-62,-54,-56,-68,-26,-67,-60,-66,-63,6
2018-04-16 13:32:12.0,-61,-55,-56,-68,-26,-66,-60,-66,-63,6
2018-04-16 13:32:13.0,-61,-57,-55,-68,-26,-66,-59,-66,-63,6
2018-04-16 13:32:14.0,-61,-58,-56,-68,-26,-66,-61,-66,-63,6
2018-04-16 13:32:15.0,-61,-58,-55,-68,-26,-65,-59,-66,-64,6
2018-04-16 13:32:16.0,-63,-59,-56,-68,-26,-66,-60,-66,-64,6
2018-04-16 13:32:17.0,-63,-58,-56,-68,-26,-66,-59,-66,-64,6
2018-04-16 13:32:18.0,-62,-57,-55,-68,-26,-66,-61,-66,-64,6
2018-04-16 13:32:19.0,-62,-55,-56,-68,-27,-66,-61,-66,-64,6
2018-04-16 13:32:20.0,-62,-55,-57,-68,-27,-66,-61,-66,-64,6
2018-04-16 13:32:21.0,-63,-55,-60,-67,-27,-66,-61,-64,-64,6
2018-04-16 13:32:22.0,-64,-56,-61,-67,-27,-66,-58,-64,-64,6
2018-04-16 13:32:23.0,-62,-60,-62,-68,-26,-66,-58,-64,-64,6
2018-04-16 13:32:24.0,-61,-61,-61,-68,-26,-66,-59,-64,-64,6
2018-04-16 13:32:25.0,-61,-63,-61,-67,-26,-66,-60,-64,-64,6
2018-04-16 13:32:26.0,-59,-63,-61,-66,-26,-65,-60,-64,-64,6
2018-04-16 13:32:27.0,-59,-63,-63,-65,-26,-65,-60,-64,-64,6
2018-04-16 13:32:28.0,-60,-64,-61,-65,-25,-65,-60,-64,-64,6
2018-04-16 13:32:29.0,-60,-64,-62,-64,-26,-64,-59,-64,-64,6
2018-04-16 13:32:30.0,-60,-64,-62,-63,-26,-63,-59,-64,-64,6
2018-04-16 13:32:31.0,-61,-59,-61,-63,-26,-63,-58,-64,-64,6
2018-04-16 13:32:32.0,-60,-55,-59,-62,-26,-62,-58,-63,-64,6
2018-04-16 13:32:33.0,-60,-48,-59,-61,-26,-62,-58,-63,-64,6
2018-04-16 13:32:34.0,-59,-52,-61,-61,-26,-62,-55,-63,-64,6
2018-04-16 13:32:35.0,-59,-56,-62,-62,-26,-64,-57,-63,-64,6
2018-04-16 13:32:36.0,-58,-57,-64,-62,-26,-64,-56,-63,-64,6
2018-04-16 13:32:37.0,-59,-57,-63,-62,-26,-64,-58,-63,-64,6
2018-04-16 13:32:38.0,-60,-63,-62,-62,-26,-64,-59,-63,-64,6
2018-04-16 13:32:39.0,-59,-64,-63,-63,-25,-63,-59,-63,-64,6
2018-04-16 13:32:40.0,-61,-62,-63,-63,-26,-64,-60,-63,-64,6
2018-04-16 13:32:41.0,-61,-63,-62,-63,-26,-63,-60,-63,-64,6
2018-04-16 13:32:42.0,-61,-60,-63,-64,-26,-63,-57,-63,-64,6
2018-04-16 13:32:43.0,-60,-59,-58,-64,-26,-64,-56,-62,-64,6
2018-04-16 13:32:44.0,-61,-51,-59,-64,-26,-64,-55,-62,-64,6
2018-04-16 13:32:45.0,-61,-51,-59,-65,-26,-64,-56,-62,-64,6
2018-04-16 13:32:46.0,-62,-51,-57,-66,-26,-63,-58,-62,-64,6
2018-04-16 13:32:47.0,-61,-52,-58,-67,-26,-64,-60,-62,-64,6
2018-04-16 13:32:48.0,-60,-52,-58,-65,-26,-64,-59,-62,-64,6
2018-04-16 13:32:49.0,-60,-50,-61,-65,-26,-64,-60,-62,-64,6
2018-04-16 13:32:50.0,-61,-50,-62,-63,-26,-64,-59,-62,-64,6
2018-04-16 13:32:51.0,-61,-50,-63,-63,-26,-64,-59,-62,-64,6
2018-04-16 13:32:52.0,-60,-56,-65,-62,-26,-64,-60,-62,-64,6
2018-04-16 13:32:53.0,-59,-52,-66,-61,-26,-64,-59,-62,-64,6
2018-04-16 13:32:54.0,-58,-56,-64,-60,-26,-64,-60,-62,-64,6
2018-04-16 13:32:55.0,-58,-56,-62,-60,-26,-65,-60,-62,-64,6
2018-04-16 13:32:56.0,-59,-55,-60,-59,-26,-64,-59,-62,-64,6
2018-04-16 13:32:57.0,-58,-59,-59,-57,-26,-63,-58,-62,-64,6
2018-04-16 13:32:58.0,-58,-55,-60,-55,-26,-63,-58,-62,-64,6
2018-04-16 13:32:59.0,-58,-55,-60,-56,-26,-63,-57,-62,-64,6
2018-04-16 13:33:00.0,-59,-56,-60,-56,-26,-63,-57,-63,-64,6
2018-04-16 13:33:01.0,-60,-56,-62,-56,-26,-63,-56,-63,-64,6
2018-04-16 13:33:02.0,-59,-57,-64,-57,-26,-64,-56,-63,-64,6
2018-04-16 13:33:03.0,-62,-57,-64,-59,-26,-63,-57,-63,-64,6
2018-04-16 13:33:04.0,-63,-57,-64,-60,-26,-65,-59,-63,-64,6
2018-04-16 13:33:05.0,-61,-61,-65,-61,-26,-65,-59,-63,-64,6
2018-04-16 13:33:06.0,-62,-61,-61,-62,-26,-64,-60,-63,-64,6
2018-04-16 13:33:07.0,-62,-59,-59,-63,-27,-64,-60,-63,-64,6
2018-04-16 13:33:08.0,-61,-59,-59,-64,-27,-65,-60,-63,-64,6
2018-04-16 13:33:09.0,-62,-60,-58,-65,-26,-65,-60,-63,-64,6
2018-04-16 13:33:10.0,-62,-60,-60,-65,-26,-65,-57,-64,-64,6
2018-04-16 13:33:11.0,-61,-59,-62,-64,-26,-65,-59,-64,-64,6
2018-04-16 13:33:12.0,-61,-61,-63,-64,-26,-65,-58,-64,-64,6
2018-04-16 13:33:13.0,-61,-59,-67,-63,-26,-65,-57,-64,-64,6
2018-04-16 13:33:14.0,-60,-60,-66,-64,-26,-66,-56,-64,-64,6
2018-04-16 13:33:15.0,-60,-60,-66,-64,-26,-65,-57,-64,-64,6
2018-04-16 13:33:16.0,-61,-62,-66,-64,-26,-66,-57,-64,-64,6
2018-04-16 13:33:17.0,-61,-62,-65,-64,-26,-66,-57,-64,-64,6
2018-04-16 13:33:18.0,-60,-58,-64,-63,-26,-66,-58,-64,-64,6
2018-04-16 13:33:19.0,-60,-58,-63,-62,-25,-66,-57,-64,-64,6
2018-04-16 13:33:20.0,-59,-59,-60,-63,-26,-66,-56,-64,-64,6
2018-04-16 13:33:21.0,-58,-59,-61,-61,-26,-63,-56,-64,-64,6
2018-04-16 13:33:22.0,-60,-57,-60,-62,-26,-63,-55,-64,-64,6
2018-04-16 13:33:23.0,-59,-57,-61,-59,-26,-63,-57,-64,-64,6
2018-04-16 13:33:24.0,-59,-55,-61,-59,-26,-62,-59,-64,-64,6
2018-04-16 13:33:25.0,-59,-55,-61,-56,-26,-62,-59,-64,-64,6
2018-04-16 13:33:26.0,-60,-55,-62,-59,-26,-62,-59,-64,-64,6
2018-04-16 13:33:27.0,-60,-56,-60,-57,-25,-63,-59,-64,-64,6
2018-04-16 13:33:28.0,-62,-56,-60,-60,-26,-63,-57,-64,-64,6
2018-04-16 13:33:29.0,-62,-54,-60,-60,-26,-63,-56,-64,-64,6
2018-04-16 13:33:30.0,-60,-54,-60,-62,-26,-62,-55,-64,-64,6
2018-04-16 13:33:31.0,-60,-56,-60,-61,-26,-63,-55,-64,-64,6
2018-04-16 13:33:32.0,-60,-56,-60,-61,-26,-63,-55,-64,-64,6
2018-04-16 13:33:33.0,-60,-58,-58,-62,-26,-63,-55,-64,-64,6
2018-04-16 13:33:34.0,-60,-59,-59,-62,-25,-64,-55,-64,-64,6
2018-04-16 13:33:35.0,-60,-59,-56,-63,-26,-63,-57,-64,-64,6
2018-04-16 13:33:36.0,-58,-59,-56,-63,-26,-65,-57,-64,-64,6
2018-04-16 13:33:37.0,-59,-59,-55,-63,-26,-65,-57,-64,-64,6
2018-04-16 13:33:38.0,-59,-59,-53,-64,-26,-65,-60,-65,-64,6
2018-04-16 13:33:39.0,-60,-62,-54,-64,-26,-64,-62,-65,-64,6
2018-04-16 13:33:40.0,-62,-61,-57,-64,-26,-66,-61,-65,-64,6
2018-04-16 13:33:41.0,-62,-61,-59,-65,-26,-66,-60,-65,-64,6
2018-04-16 13:33:42.0,-61,-61,-60,-65,-26,-65,-59,-65,-64,6
2018-04-16 13:33:43.0,-61,-62,-61,-67,-26,-65,-59,-65,-64,6
2018-04-16 13:33:44.0,-60,-61,-61,-67,-26,-66,-59,-65,-64,6
2018-04-16 13:33:45.0,-60,-58,-56,-66,-25,-66,-59,-65,-64,6
2018-04-16 13:33:46.0,-60,-56,-55,-66,-26,-66,-59,-65,-64,6
2018-04-16 13:33:47.0,-61,-51,-55,-65,-26,-65,-59,-65,-64,6
2018-04-16 13:33:48.0,-62,-53,-55,-65,-26,-65,-58,-65,-64,6
2018-04-16 13:33:49.0,-62,-57,-55,-64,-26,-66,-58,-65,-64,6
2018-04-16 13:33:50.0,-62,-58,-57,-64,-26,-65,-59,-65,-64,6
2018-04-16 13:33:51.0,-62,-60,-60,-65,-26,-64,-58,-65,-64,6
2018-04-16 13:33:52.0,-63,-58,-60,-64,-26,-64,-58,-65,-64,6
2018-04-16 13:33:53.0,-61,-55,-60,-63,-26,-64,-58,-65,-64,6
2018-04-16 13:33:54.0,-59,-55,-60,-60,-26,-64,-56,-65,-64,6
2018-04-16 13:33:55.0,-59,-55,-62,-59,-26,-64,-57,-65,-64,6
2018-04-16 13:33:56.0,-59,-56,-62,-59,-26,-65,-57,-65,-64,6
2018-04-16 13:33:57.0,-61,-59,-61,-59,-26,-65,-58,-65,-64,6
2018-04-16 13:33:58.0,-63,-62,-61,-60,-26,-65,-57,-65,-64,6
2018-04-16 13:33:59.0,-62,-62,-59,-60,-26,-65,-58,-65,-64,6
2018-04-16 13:34:00.0,-60,-60,-58,-63,-26,-65,-58,-65,-64,6
2018-04-16 13:34:01.0,-60,-58,-57,-65,-26,-65,-56,-65,-64,6
2018-04-16 13:34:02.0,-59,-58,-57,-64,-27,-64,-57,-65,-64,6
2018-04-16 13:34:03.0,-60,-61,-59,-64,-26,-64,-56,-65,-64,6
2018-04-16 13:34:04.0,-60,-63,-60,-64,-26,-65,-56,-65,-64,6
2018-04-16 13:34:05.0,-60,-64,-62,-63,-26,-65,-57,-65,-64,6
2018-04-16 13:34:06.0,-59,-60,-65,-63,-26,-65,-57,-65,-64,6
2018-04-16 13:34:07.0,-59,-56,-66,-62,-26,-65,-59,-65,-64,6
2018-04-16 13:34:08.0,-59,-52,-64,-60,-26,-65,-59,-65,-64,6
2018-04-16 13:34:09.0,-60,-50,-63,-60,-25,-65,-60,-65,-64,6
2018-04-16 13:34:10.0,-62,-52,-63,-59,-26,-65,-59,-65,-64,6
2018-04-16 13:34:11.0,-63,-55,-62,-58,-26,-65,-58,-65,-64,6
2018-04-16 13:34:12.0,-63,-56,-63,-57,-26,-64,-58,-65,-64,6
2018-04-16 13:34:13.0,-62,-53,-63,-57,-26,-64,-57,-65,-64,6
2018-04-16 13:34:14.0,-62,-50,-62,-57,-26,-64,-58,-65,-64,6
2018-04-16 13:34:15.0,-61,-50,-62,-59,-26,-64,-60,-65,-64,6
2018-04-16 13:34:16.0,-61,-53,-62,-63,-26,-64,-60,-65,-64,6
2018-04-16 13:34:17.0,-61,-54,-58,-64,-26,-64,-61,-65,-64,6
2018-04-16 13:34:18.0,-61,-58,-58,-66,-26,-64,-59,-65,-64,6
2018-04-16 13:34:19.0,-62,-54,-58,-67,-26,-64,-56,-65,-64,6
2018-04-16 13:34:20.0,-61,-52,-57,-66,-26,-64,-55,-65,-64,6
2018-04-16 13:34:21.0,-61,-52,-54,-66,-26,-64,-55,-65,-64,6
2018-04-16 13:34:22.0,-60,-57,-52,-64,-25,-65,-57,-65,-64,6
2018-04-16 13:34:23.0,-60,-59,-52,-62,-26,-66,-58,-65,-64,6
2018-04-16 13:34:24.0,-60,-60,-54,-58,-26,-67,-57,-65,-64,6
2018-04-16 13:34:25.0,-63,-60,-55,-58,-26,-67,-58,-65,-64,6
2018-04-16 13:34:26.0,-62,-58,-56,-59,-26,-67,-57,-65,-64,6
2018-04-16 13:34:27.0,-63,-58,-56,-58,-26,-67,-60,-65,-64,6
2018-04-16 13:34:28.0,-62,-57,-59,-59,-26,-67,-59,-65,-64,6
2018-04-16 13:34:29.0,-64,-57,-61,-57,-26,-66,-59,-65,-65,6
2018-04-16 13:34:30.0,-63,-56,-63,-58,-26,-65,-58,-65,-65,6
2018-04-16 13:34:31.0,-62,-55,-64,-59,-26,-64,-58,-65,-65,6
2018-04-16 13:34:32.0,-60,-52,-64,-61,-26,-62,-60,-65,-65,6
2018-04-16 13:34:33.0,-61,-49,-65,-61,-26,-63,-58,-65,-64,6
2018-04-16 13:34:34.0,-61,-45,-65,-63,-26,-63,-58,-65,-64,6
2018-04-16 13:34:35.0,-61,-45,-65,-63,-26,-63,-58,-65,-64,6
2018-04-16 13:34:36.0,-62,-46,-65,-63,-26,-63,-58,-65,-64,6
2018-04-16 13:34:37.0,-63,-50,-63,-64,-26,-63,-58,-65,-64,6
2018-04-16 13:34:38.0,-63,-53,-61,-62,-26,-63,-58,-65,-64,6
2018-04-16 13:34:39.0,-64,-57,-57,-60,-26,-62,-58,-65,-64,6
2018-04-16 13:34:40.0,-64,-63,-56,-58,-26,-63,-59,-65,-64,6
2018-04-16 13:34:41.0,-63,-60,-57,-57,-26,-63,-60,-65,-64,6
2018-04-16 13:34:42.0,-61,-60,-58,-58,-26,-63,-58,-65,-64,6
2018-04-16 13:34:43.0,-61,-59,-63,-59,-25,-64,-56,-65,-64,6
2018-04-16 13:34:44.0,-60,-60,-63,-61,-25,-63,-55,-65,-64,6
2018-04-16 13:34:45.0,-60,-57,-64,-63,-26,-63,-56,-65,-63,6
2018-04-16 13:34:46.0,-59,-59,-64,-63,-26,-63,-58,-65,-63,6
2018-04-16 13:34:47.0,-58,-55,-64,-63,-26,-62,-60,-65,-63,6
2018-04-16 13:34:48.0,-58,-56,-64,-62,-26,-62,-59,-66,-63,6
2018-04-16 13:34:49.0,-60,-57,-64,-62,-26,-62,-58,-66,-63,6
2018-04-16 13:34:50.0,-61,-62,-64,-62,-26,-63,-58,-66,-63,6
2018-04-16 13:34:51.0,-61,-64,-63,-61,-25,-63,-58,-66,-63,6
2018-04-16 13:34:52.0,-61,-64,-63,-62,-25,-65,-58,-66,-63,6
2018-04-16 13:34:53.0,-61,-65,-63,-61,-26,-64,-59,-66,-63,6
2018-04-16 13:34:54.0,-61,-66,-62,-62,-26,-65,-56,-66,-63,6
2018-04-16 13:34:55.0,-60,-66,-62,-63,-26,-65,-56,-66,-63,6
2018-04-16 13:34:56.0,-61,-67,-60,-62,-26,-65,-56,-66,-63,6
2018-04-16 13:34:57.0,-61,-67,-60,-64,-26,-65,-56,-66,-63,6
2018-04-16 13:34:58.0,-61,-67,-59,-63,-26,-65,-58,-66,-63,6
2018-04-16 13:34:59.0,-59,-66,-59,-62,-26,-65,-60,-65,-63,6
2018-04-16 13:35:00.0,-59,-66,-61,-62,-26,-64,-59,-65,-63,6
2018-04-16 13:35:01.0,-59,-65,-63,-61,-25,-63,-58,-65,-63,6
2018-04-16 13:35:02.0,-58,-65,-63,-62,-26,-61,-57,-65,-63,6
2018-04-16 13:35:03.0,-58,-64,-63,-62,-26,-62,-59,-65,-63,6
2018-04-16 13:35:04.0,-58,-64,-63,-62,-26,-63,-59,-65,-63,6
2018-04-16 13:35:05.0,-58,-61,-60,-61,-26,-63,-60,-65,-63,6
2018-04-16 13:35:06.0,-59,-60,-61,-59,-26,-63,-60,-65,-63,6
2018-04-16 13:35:07.0,-61,-59,-62,-58,-26,-64,-57,-65,-63,6
2018-04-16 13:35:08.0,-60,-59,-65,-59,-26,-65,-57,-65,-63,6
2018-04-16 13:35:09.0,-61,-59,-65,-61,-26,-64,-57,-65,-63,6
2018-04-16 13:35:10.0,-60,-63,-66,-62,-26,-64,-60,-65,-63,6
2018-04-16 13:35:11.0,-59,-63,-66,-62,-26,-64,-61,-65,-63,6
2018-04-16 13:35:12.0,-60,-62,-64,-61,-26,-63,-60,-65,-63,6
2018-04-16 13:35:13.0,-59,-64,-62,-59,-26,-64,-62,-65,-63,6
2018-04-16 13:35:14.0,-59,-64,-58,-61,-26,-65,-62,-65,-63,6
2018-04-16 13:35:15.0,-59,-64,-54,-60,-26,-65,-59,-65,-63,6
2018-04-16 13:35:16.0,-59,-65,-53,-60,-26,-64,-58,-65,-63,6
2018-04-16 13:35:17.0,-58,-65,-53,-62,-26,-64,-56,-65,-63,6
2018-04-16 13:35:18.0,-61,-65,-54,-63,-26,-64,-56,-65,-63,6
2018-04-16 13:35:19.0,-61,-65,-58,-63,-26,-64,-57,-65,-63,6
2018-04-16 13:35:20.0,-62,-65,-60,-62,-26,-64,-57,-65,-63,6
2018-04-16 13:35:21.0,-62,-65,-63,-63,-25,-63,-58,-65,-63,6
2018-04-16 13:35:22.0,-61,-65,-63,-63,-26,-64,-57,-65,-63,6
2018-04-16 13:35:23.0,-61,-65,-62,-63,-26,-64,-57,-65,-63,6
2018-04-16 13:35:24.0,-61,-63,-62,-64,-26,-63,-59,-65,-63,6
2018-04-16 13:35:25.0,-60,-63,-62,-64,-26,-64,-59,-65,-63,6
2018-04-16 13:35:26.0,-60,-63,-62,-64,-26,-64,-59,-65,-63,6
2018-04-16 13:35:27.0,-60,-63,-62,-62,-25,-64,-59,-65,-63,6
2018-04-16 13:35:28.0,-60,-63,-62,-62,-25,-64,-57,-65,-63,6
2018-04-16 13:35:29.0,-61,-63,-62,-62,-25,-63,-57,-65,-63,6
2018-04-16 13:35:30.0,-61,-63,-63,-64,-25,-62,-56,-65,-63,6
2018-04-16 13:35:31.0,-60,-63,-63,-64,-25,-62,-56,-65,-63,6
2018-04-16 13:35:32.0,-59,-63,-63,-63,-26,-62,-57,-65,-63,6
2018-04-16 13:35:33.0,-61,-63,-64,-63,-26,-62,-56,-65,-63,6
2018-04-16 13:35:34.0,-61,-63,-64,-63,-26,-62,-55,-65,-63,6
2018-04-16 13:35:35.0,-61,-63,-66,-63,-26,-62,-57,-65,-63,6
2018-04-16 13:35:36.0,-62,-63,-66,-63,-26,-61,-58,-65,-63,6
2018-04-16 13:35:37.0,-61,-63,-66,-63,-26,-61,-58,-65,-63,6
2018-04-16 13:35:38.0,-60,-63,-66,-63,-26,-62,-57,-65,-63,6
2018-04-16 13:35:39.0,-60,-63,-66,-63,-26,-62,-58,-65,-63,6
2018-04-16 13:35:40.0,-60,-63,-66,-63,-26,-62,-58,-65,-63,6
2018-04-16 13:35:41.0,-60,-63,-66,-63,-26,-62,-58,-65,-63,6
2018-04-16 13:35:42.0,-60,-63,-66,-63,-26,-62,-58,-65,-63,6
2018-04-16 13:35:43.0,-60,-63,-66,-63,-26,-62,-57,-65,-63,6
2018-04-16 13:35:44.0,-60,-63,-66,-63,-26,-62,-57,-65,-63,6
2018-04-16 13:35:45.0,-60,-63,-66,-63,-26,-62,-57,-65,-63,6
2018-04-16 13:35:46.0,-61,-63,-66,-63,-26,-62,-57,-65,-63,6
2018-04-16 13:35:47.0,-61,-63,-66,-63,-26,-62,-58,-65,-63,6
2018-04-16 13:35:48.0,-60,-63,-66,-63,-26,-62,-58,-65,-63,6
2018-04-16 13:35:49.0,-60,-63,-66,-63,-26,-63,-57,-65,-63,6
2018-04-16 13:35:50.0,-60,-63,-66,-63,-26,-63,-57,-65,-63,6
2018-04-16 13:35:51.0,-60,-63,-66,-63,-26,-63,-57,-65,-63,6
2018-04-16 13:35:52.0,-60,-63,-66,-63,-26,-63,-57,-65,-63,6
2018-04-16 13:35:53.0,-60,-63,-66,-63,-26,-64,-57,-65,-63,6
2018-04-16 13:35:54.0,-60,-63,-66,-63,-26,-64,-57,-65,-63,6
2018-04-16 13:35:55.0,-60,-63,-66,-63,-26,-64,-57,-65,-63,6
2018-04-16 13:35:56.0,-60,-63,-66,-63,-26,-64,-57,-65,-63,6
2018-04-16 13:35:57.0,-60,-63,-66,-63,-26,-63,-57,-65,-63,6
2018-04-16 13:35:58.0,-60,-63,-66,-63,-26,-63,-57,-65,-63,6
2018-04-16 13:35:59.0,-60,-63,-66,-63,-26,-64,-57,-65,-63,6
